,NOC,Predicted Gold,Predicted Total Medal,Simulated Gold Mean,Simulated Gold Min,Simulated Gold Max,Simulated Total Medal Mean,Simulated Total Medal Min,Simulated Total Medal Max,One Simulation Gold,One Simulation Total Medal,2024 Gold,2024 Total Medal
155,塞舌尔,0.0288280621170997,0.1980442702770233,0.0,0,0,0.6666666666666666,0,2,0,2,0,0
119,波斯尼亚和黑塞哥维那,0.056556113064289,0.2440832257270813,0.0,0,0,0.6666666666666666,0,1,0,1,0,0
166,马耳他,0.0218518301844596,0.1852667033672332,0.0,0,0,0.3333333333333333,0,1,0,1,0,0
89,缅甸,0.1433587968349456,0.4161540865898132,0.0,0,0,0.3333333333333333,0,1,0,1,0,0
140,列支敦士登,0.0311097018420696,0.2084640264511108,0.0,0,0,0.3333333333333333,0,1,0,1,0,0
160,老挝,0.0257754847407341,0.19450643658638,0.0,0,0,0.3333333333333333,0,1,0,1,0,0
128,利比里亚,0.0352132692933082,0.2283170819282531,0.0,0,0,0.3333333333333333,0,1,0,1,0,0
113,利比亚,0.0130535140633583,0.2586411833763122,0.0,0,0,1.0,0,2,0,1,0,0
157,密克罗尼西亚,0.0272970721125602,0.1966342329978943,0.3333333333333333,0,1,0.3333333333333333,0,1,1,1,0,0
169,柬埔寨,0.0223147496581077,0.1839097440242767,0.0,0,0,0.6666666666666666,0,1,0,1,0,0
143,莱索托,0.0269751027226448,0.2053401470184326,0.0,0,0,0.3333333333333333,0,1,0,1,0,0
193,安提瓜和巴布达,0.0181027129292488,0.1631527245044708,0.0,0,0,0.3333333333333333,0,1,0,1,0,0
194,瓦努阿图,0.0168937519192695,0.1625959873199463,0.0,0,0,0.3333333333333333,0,1,0,1,0,0
165,乍得,0.0228627100586891,0.1860129237174987,0.0,0,0,0.0,0,0,0,0,0,0
164,科摩罗,0.0222515389323234,0.1865966916084289,0.0,0,0,0.0,0,0,0,0,0,0
163,贝宁,0.0288792476058006,0.1873664557933807,0.0,0,0,0.0,0,0,0,0,0,0
162,马拉维,0.0239825472235679,0.1884652078151703,0.0,0,0,0.0,0,0,0,0,0,0
161,萨尔瓦多,0.0364728942513465,0.1884832978248596,0.0,0,0,0.0,0,0,0,0,0,0
158,美属萨摩亚,0.0264267995953559,0.1957792043685913,0.0,0,0,0.0,0,0,0,0,0,0
167,巴勒斯坦,0.02482420951128,0.1848948001861572,0.0,0,0,0.0,0,0,0,0,0,0
154,圣基茨和尼维斯,0.0288451537489891,0.1980603039264679,0.0,0,0,0.6666666666666666,0,1,0,0,0,0
153,马绍尔群岛,0.0264843925833702,0.1983671486377716,0.0,0,0,0.0,0,0,0,0,0,0
151,图瓦卢,0.0276909470558166,0.1997442543506622,0.0,0,0,0.0,0,0,0,0,0,0
150,帕劳,0.0270407125353813,0.1999290883541107,0.0,0,0,0.6666666666666666,0,2,0,0,0,0
149,东帝汶,0.0305181965231895,0.2015343308448791,0.0,0,0,0.0,0,0,0,0,0,0
148,伯利兹,0.0275399461388587,0.2018602192401886,0.0,0,0,0.0,0,0,0,0,0,0
171,不丹,0.0225828662514686,0.1832669377326965,0.0,0,0,0.0,0,0,0,0,0,0
168,马达加斯加,0.0305704548954963,0.1847879886627197,0.0,0,0,0.0,0,0,0,0,0,0
185,安道尔,0.0212142989039421,0.1747281849384308,0.0,0,0,0.0,0,0,0,0,0,0
184,玻利维亚,0.0197105929255485,0.1751272976398468,0.0,0,0,0.0,0,0,0,0,0,0
183,圣文森特和格林纳丁斯,0.0202786102890968,0.1752132475376129,0.0,0,0,0.0,0,0,0,0,0,0
191,刚果民主共和国,0.0196940973401069,0.1672483086585998,0.0,0,0,0.3333333333333333,0,1,0,0,0,0
182,尼加拉瓜,0.0190509036183357,0.1753603816032409,0.0,0,0,0.0,0,0,0,0,0,0
181,也门,0.0206627026200294,0.1754137575626373,0.0,0,0,0.0,0,0,0,0,0,0
145,索马里,0.028436429798603,0.2036674916744232,0.0,0,0,0.3333333333333333,0,1,0,0,0,0
170,文莱,0.0224570706486701,0.183841198682785,0.0,0,0,0.3333333333333333,0,1,0,0,0,0
179,刚果共和国,0.0207225754857063,0.1774863302707672,0.0,0,0,0.3333333333333333,0,1,0,0,0,0
197,卢旺达,0.018133021891117,0.1546734571456909,0.0,0,0,0.3333333333333333,0,1,0,0,0,0
177,洪都拉斯,0.0219039991497993,0.1782248616218567,0.0,0,0,0.0,0,0,0,0,0,0
175,开曼群岛,0.0175364986062049,0.1803461611270904,0.0,0,0,0.0,0,0,0,0,0,0
174,孟加拉国,0.0211667343974113,0.1803638041019439,0.0,0,0,0.3333333333333333,0,1,0,0,0,0
173,马尔代夫,0.0229377225041389,0.1809852719306945,0.0,0,0,0.3333333333333333,0,1,0,0,0,0
172,中非共和国,0.0221155062317848,0.1826347410678863,0.3333333333333333,0,1,0.3333333333333333,0,1,1,0,0,0
189,关岛,0.0284294858574867,0.1723238825798034,0.0,0,0,0.0,0,0,0,0,0,0
144,斯威士兰,0.0323175713419914,0.2043966948986053,0.3333333333333333,0,1,0.0,0,0,0,0,0,0
103,冈比亚,0.0666354075074195,0.3407785296440124,0.0,0,0,0.3333333333333333,0,1,0,0,0,0
99,阿曼,0.1070114597678184,0.3643086552619934,0.0,0,0,0.3333333333333333,0,1,0,0,0,0
85,萨摩亚,0.1021846309304237,0.4696528315544128,0.0,0,0,0.3333333333333333,0,1,0,0,0,0
82,马里,0.1300264298915863,0.559356153011322,0.3333333333333333,0,1,0.6666666666666666,0,2,0,0,0,0
142,毛里塔尼亚,0.0276188924908638,0.2068047821521759,0.0,0,0,0.0,0,0,0,0,0,0
139,所罗门群岛,0.0319252088665962,0.2088286876678466,0.0,0,0,0.0,0,0,0,0,0,0
136,圣多美和普林西比,0.0313450619578361,0.2108179628849029,0.0,0,0,0.3333333333333333,0,1,0,0,0,0
135,巴布亚新几内亚,0.0295087471604347,0.2113693356513977,0.0,0,0,0.0,0,0,0,0,0,0
134,塞拉利昂,0.0352145954966545,0.2130538821220398,0.0,0,0,0.0,0,0,0,0,0,0
133,基里巴斯,0.0281868204474449,0.2132015526294708,0.3333333333333333,0,1,0.0,0,0,1,0,0,0
132,瑙鲁,0.0338388755917549,0.2140076011419296,0.0,0,0,0.0,0,0,0,0,0,0
131,赤道几内亚,0.0334157422184944,0.2162020802497863,0.0,0,0,0.0,0,0,0,0,0,0
129,英属维尔京群岛,0.031932033598423,0.2206211686134338,0.0,0,0,0.0,0,0,0,0,0,0
123,尼泊尔,0.035100944340229,0.2321894168853759,0.0,0,0,0.0,0,0,0,0,0,0
122,几内亚比绍,0.0339086428284645,0.2354770898818969,0.0,0,0,0.0,0,0,0,0,0,0
120,黎巴嫩,0.0421502962708473,0.2421614527702331,0.0,0,0,0.0,0,0,0,0,0,0
118,南苏丹,0.0,0.2452291846275329,0.0,0,0,0.0,0,0,0,0,0,0
114,阿鲁巴,0.068988986313343,0.2568689584732055,0.0,0,0,0.0,0,0,0,0,0,0
201,安哥拉,0.0,0.0,0.0,0,0,0.0,0,0,0,0,0,0
